{
  "project_info": {
    "project_number": "869809519184",
    "project_id": "kids-d8acd",
    "storage_bucket": "kids-d8acd.appspot.com"
  },
  "client": [
    {
      "client_info": {
        "mobilesdk_app_id": "1:869809519184:android:b1bc6d5e1a38e0c4bcef55",
        "android_client_info": {
          "package_name": "com.example.kidsapp"
        }
      },
      "oauth_client": [],
      "api_key": [
        {
          "current_key": "AIzaSyAm4NBLuNicCf6BZShftXMEJEKI7j-STqw"
        }
      ],
      "services": {
        "appinvite_service": {
          "other_platform_oauth_client": []
        }
      }
    }
  ],
  "configuration_version": "1"
}